1,0.603556467,0.674169816,0.522121664,1.988815272,0.467828201,279.4151736
2,0.655050849,0.775878168,0.435174143,1.990025664,0.514400352,303.2852431
3,0.681014744,0.759868562,0.511895579,1.988101986,0.452379722,315.3380347
4,0.699246016,0.843672894,0.522496532,2.167008456,0.622567439,323.8400417
5,0.580745614,0.72890064,0.42147763,1.998363064,0.340602337,269.0008819
6,0.396519479,0.80862357,0.533705745,2.664203656,0.566355307,183.6800486
7,0.262569866,0.388587336,0.382561028,1.980169222,0.544328411,121.6369653
8,0.694795084,0.756928957,0.508139424,1.989457778,0.468441933,321.8845625
9,0.475543661,0.668882267,0.615987607,2.144433375,0.33202914,220.3171806
10,0.671327034,0.840971297,0.525047814,2.124603678,0.605816708,311.0330486
11,0.730011729,0.789234852,0.495884228,1.990357973,0.476524074,338.2212778
12,0.711334551,0.788143561,0.506199467,2.066456165,0.528828453,329.5629514
13,0.719467625,0.787800922,0.513127608,1.990495589,0.559337972,333.3186875
14,0.566512839,0.963425847,0.542865606,2.544904599,0.578440568,262.4442014
15,0.642147045,0.775366354,0.487227507,2.02164826,0.479491423,297.4610694
16,0.719348885,0.77756652,0.499667028,1.990352506,0.480219981,333.1942361
17,0.682504841,0.913257905,0.453254529,2.332112483,0.401688273,316.0929375
18,0.514008356,0.795308422,0.536952818,1.990436146,0.21146805,237.9460694
19,0.582235876,0.84117242,0.509740648,2.475050151,0.605687675,269.4746319
20,0.571972395,0.910145661,0.537710666,2.453745473,0.529148827,264.6642917
21,0.620705169,0.776787408,0.494436089,1.989248149,0.615622026,287.139375
22,0.666629388,0.799607414,0.496063154,1.990307404,0.398412807,308.1984792
23,0.671879381,0.881748921,0.503415988,2.314039667,0.553928873,310.5190278
24,0.573900431,0.929279859,0.521231645,2.692014418,0.535425416,265.1365278
25,0.454283057,0.630630349,0.500034112,2.141471413,0.433015886,209.7876736
26,0.730917437,0.777673243,0.493399132,1.990013805,0.459377309,337.3872222
27,0.252536847,0.366260812,0.489786603,2.976923518,0.485835233,116.2447153
28,0.405564202,0.767974126,0.571357282,2.269209955,0.484394488,186.5576944
29,0.608022017,0.718837172,0.516361033,2.043248286,0.44878501,279.4873194
30,0.609115954,0.615393867,0.518657386,1.98672182,0.462736574,277.2905764
31,0.567274775,0.773406494,0.574346816,2.078274316,0.592526639,257.5932708
32,0.696773762,0.752803851,0.50176128,1.989434526,0.436563409,315.9732153
33,0.635807552,0.759284577,0.507019261,1.989544343,0.440544689,287.9245069
34,0.640922948,0.719131955,0.512826061,2.021601217,0.467600299,289.8214236
35,0.53193285,0.712346867,0.429156554,2.147586208,0.495685633,240.1770347
36,0.708381253,0.779902282,0.491235723,2.074939307,0.50563781,319.3495556
37,0.612003671,0.698607489,0.555600724,1.988467283,0.58732695,275.4583542
38,0.688986486,0.791159922,0.513260722,1.989757172,0.479217274,309.5906806
39,0.643988313,0.754322443,0.531886828,1.988252997,0.465739131,288.875375
40,0.669362282,0.852999391,0.47287133,2.196993924,0.421361415,299.7250625
41,0.174995415,0.324827044,0.229358303,2.405360895,0.577525296,78.06853472
42,0.396647814,0.745392562,0.393781569,2.965580285,0.384202538,176.6087153
43,0.470579534,0.633287631,0.61245943,1.987110849,0.411025442,209.1086806
44,0.307802297,0.670742061,0.531592864,3.316545394,0.497202618,136.4946528
45,0.309647172,0.497936396,0.376381514,2.220398891,0.429668315,137.0238472
46,0.441992281,0.66071985,0.430682773,2.089118448,0.33708413,195.1649792
47,0.59005025,1.017684776,0.539608169,2.612090066,0.529142438,259.9632083
48,0.60902139,0.763646137,0.471477142,1.989007302,0.374520378,267.7101181
49,0.668602012,0.763241048,0.543938602,1.989147012,0.555419042,293.2150278
50,0.589451558,0.714778174,0.496335397,2.143969579,0.351333132,257.8856806
51,0.520621352,0.768275319,0.504720094,2.015654464,0.409930124,227.2148958
52,0.675503798,0.752120225,0.518243497,1.988962366,0.448821138,294.0739583
53,0.667226394,0.777830067,0.479935678,1.989275216,0.479391457,289.7274097
54,0.719543529,0.79354573,0.490710317,1.989581238,0.50952567,311.6282014
55,0.681265906,0.7485218,0.49268107,1.988936127,0.378752712,294.2649792
56,0.697010093,0.819822394,0.50277756,2.113377391,0.503077039,300.2460833
57,0.606378531,0.756382337,0.600421737,2.015829038,0.52404752,260.4803125
58,0.236468265,0.386869932,0.652252371,2.710993101,0.492267758,101.2918681
59,0.330760957,0.632293886,0.662610568,2.570939297,0.656783058,140.8607153
60,0.591401908,0.75280868,0.470912593,2.131634377,0.397375352,251.1083333
61,0.433900666,0.679525757,0.417301549,2.319623734,0.393496888,183.6746319
62,0.460664026,0.560154236,0.619901508,1.98433729,0.374327733,194.4035417
63,0.420973664,0.585241711,0.629651532,2.031636667,0.456299734,177.0976042
64,0.603579739,0.728146633,0.484736723,2.037373361,0.436242826,253.1097778
65,0.562812813,0.736668534,0.649116077,1.988305281,0.488541746,235.2540417
66,0.669659032,0.793264692,0.538961226,2.044074215,0.574197766,278.99925
67,0.521732277,0.786421456,0.60197059,1.988537505,0.702095752,216.6482847
68,0.652442248,0.765966849,0.515625392,2.013348248,0.546949618,270.0147847
69,0.191026787,0.423474073,0.535103164,2.370915736,0.28460642,78.78761111
70,0.232985698,0.510271683,0.317950395,2.057495584,0.351656206,95.76236111
71,0.254146902,0.593427083,0.236933936,2.569959112,0.475127483,104.0957361
72,0.183161212,0.574321569,0.514512025,3.680402326,0.469719023,74.75601389
73,0.581768336,0.75757223,0.571439108,2.126007896,0.487171503,236.5990278
74,0.664166041,0.740739181,0.500518055,1.987377422,0.491387425,269.1357014
75,0.649713059,0.772103381,0.493128436,2.081080217,0.490387375,262.3215069
76,0.617959554,0.748846111,0.467354889,1.987818001,0.489183734,248.5840972
77,0.557939878,0.695548616,0.513231336,1.986196427,0.715400946,223.6076875
78,0.448506168,0.624129307,0.554890342,2.286964453,0.323833928,179.0779375
79,0.602762496,0.799027435,0.510379278,2.189354092,0.533520393,239.76125
80,0.556472926,0.850674732,0.488364881,2.707328683,0.566484517,220.5072847
81,0.611112141,0.662956562,0.5367386,1.98493845,0.511127459,241.2321458
82,0.097745725,0.177391723,0.425992863,2.582157334,0.383494148,38.43576389
83,0.06024443,0.150275308,0.144078633,2.056982906,0.394691776,23.59774306
84,0.502869694,0.863000676,0.364428147,2.426217521,0.317119417,196.2062778
85,0.60346985,0.702049204,0.471627987,1.98546873,0.33211652,227.1796875
86,0.591803057,0.755020274,0.505620938,2.291407295,0.423605423,221.8954097
87,0.518778247,0.638175982,0.480782525,2.166231307,0.42254445,193.7367917
88,0.399513371,1.003762601,0.467720586,3.497125529,0.397705506,148.6005764
89,0.668601254,0.779910936,0.484332748,2.034819313,0.309976645,247.6964167
90,0.455623459,0.694087643,0.577179251,2.103947087,0.521088408,168.12125
91,0.304099886,0.498709463,0.497908415,3.023418465,0.594728372,111.764
92,0.448555348,0.737949898,0.542526134,2.085348798,0.392673881,164.2019722
93,0.633671439,0.736133068,0.498433908,1.985931969,0.504613882,231.0510833
94,0.593665008,0.710510644,0.495116763,1.985346878,0.529947578,215.6136319
95,0.588188985,0.837181113,0.486307457,2.236152943,0.459055617,212.7886806
96,0.640605299,0.68032689,0.497400845,1.984391063,0.444395385,230.8509653
97,0.573143432,0.720123539,0.491151867,2.225984309,0.435677757,205.7417778
98,0.610661749,0.674623553,0.506780494,1.984112451,0.468228387,218.3684306
99,0.566188217,0.617366119,0.46140778,1.982917963,0.524197845,201.6953542
100,0.625841106,0.716730397,0.513774637,2.195596313,0.515426158,222.1053264
101,0.67733715,0.740533129,0.507179256,1.985620665,0.509442168,239.4829097
102,0.60312854,0.669993861,0.503203013,1.984029307,0.475009442,212.4551042
103,0.676007425,0.746696671,0.476765765,1.985563312,0.471964773,237.2570556
104,0.493734853,0.746053049,0.59936306,2.359067313,0.47204497,172.6594236
105,0.469347973,0.683604837,0.49578918,2.563529875,0.552675256,163.5461181
106,0.646634034,0.703766629,0.478394617,1.984556522,0.475607726,224.5275347
107,0.623008544,0.72070424,0.510175273,2.032167256,0.544886003,214.8406806
108,0.59825641,0.773171182,0.499524087,2.152189864,0.426114722,205.6136389
109,0.674825838,0.744825431,0.48278072,1.984980498,0.455620417,231.1648889
110,0.628135671,0.695559013,0.500473537,1.984329938,0.563217685,214.4765139
111,0.58647361,0.764647084,0.418393053,2.050334844,0.392948294,199.6168056
112,0.706136539,0.749328705,0.50008937,1.984458141,0.488104794,239.6024931
113,0.576287226,0.73787195,0.550937277,2.198826133,0.428737077,194.9504792
114,0.589754764,0.723272269,0.558124993,1.984220372,0.532789485,198.9179444
115,0.577401882,0.680838601,0.479895913,2.090464935,0.414846414,194.1916181
116,0.611630284,0.69212799,0.517653433,1.98420835,0.479083037,205.1279097
117,0.565071606,0.683043845,0.588848056,1.983658755,0.465546777,188.9974444
118,0.471608769,0.586120711,0.518682576,2.035220539,0.453298862,157.3220139
119,0.485337833,0.886395519,0.481681072,2.925640332,0.397809795,161.4892014
120,0.426348585,0.603994592,0.549171791,2.163051312,0.497760735,141.5114514
121,0.589338323,0.728205976,0.478700135,2.036694057,0.468258161,195.1464792
122,0.615349243,0.665171016,0.475001678,1.98303585,0.516516005,203.2948958
123,0.388077425,0.875538743,0.486800667,3.141072781,0.440756435,127.9299722
124,0.68139899,0.729871961,0.483414747,1.984435484,0.445969602,224.1528611
125,0.529737186,0.955086274,0.60372477,2.557609738,0.593303523,173.9149167
126,0.553465906,0.687522172,0.554847823,2.099862561,0.691173732,181.3608889
127,0.526169897,0.604012292,0.531105875,2.189267489,0.381785402,172.1063125
128,0.630150167,0.689498277,0.512563092,1.98336725,0.477305666,205.7691806
129,0.559512474,0.736707871,0.492659411,2.055470612,0.537722082,182.4132778
130,0.596093699,0.731929364,0.518920638,1.984289609,0.576948166,194.0515903
131,0.58068854,0.720202042,0.458962894,2.135053782,0.531740763,188.7771528
132,0.554070715,0.676790126,0.540366094,2.363450225,0.41515443,179.8962361
133,0.703350286,0.759077907,0.49920372,1.983962418,0.492856225,228.1006944
134,0.408256439,0.565902193,0.417603912,2.383739311,0.492889397,132.1376875
135,0.613433571,0.719923542,0.529331689,1.984193556,0.452101663,198.3830417
136,0.472150781,0.582405356,0.559726099,1.977357273,0.455553151,152.5852708
137,0.614978075,0.718191023,0.452827941,1.985049919,0.430531084,198.6240069
138,0.610376777,0.823429467,0.476907023,2.348211797,0.465516324,197.0437361
139,0.581722422,0.729967017,0.545468034,2.208259847,0.503116899,187.7251389
140,0.622002094,0.722142421,0.446966465,1.984273859,0.441719583,200.6734722
141,0.647782315,0.764097626,0.485495122,2.048482841,0.369297617,208.9637083
142,0.57937121,0.725060968,0.426527311,1.984167652,0.49166183,186.89125
143,0.705791875,0.745552226,0.498880333,1.984664144,0.472259042,227.6935347
144,0.65396979,0.712568376,0.471767606,1.984127417,0.495145876,211.0196667
145,0.704246996,0.739725327,0.505749422,1.983512517,0.493912478,227.3175556
146,0.714264145,0.756265571,0.494676792,1.984917577,0.465552489,230.6520764
147,0.63887513,0.760721924,0.497550404,2.118605695,0.438336226,206.4200833
148,0.623979957,0.709218818,0.489344686,2.043600322,0.599135578,201.7414167
149,0.648758273,0.779546894,0.51075085,2.064808582,0.416216488,209.9162222
150,0.58814581,0.758508328,0.570583792,2.299468198,0.548081893,190.4729861
151,0.70168564,0.739760024,0.503168036,1.98436455,0.460420316,227.4696528
152,0.557039607,0.656008873,0.526075873,2.003286276,0.442835853,180.7782778
153,0.325971262,0.394269626,0.602329381,1.972353139,0.258398369,105.9175
154,0.488551122,0.735523883,0.400828569,2.34076244,0.485208648,158.9537778
155,0.429307988,0.521560129,0.480027997,2.334301254,0.596850169,139.8767083
156,0.573887327,0.727618667,0.482657763,2.394955911,0.515890334,187.2687917
157,0.518810345,0.908587856,0.467938994,2.936141025,0.465342369,169.5729861
158,0.629494711,0.731509021,0.532054049,1.983152717,0.533768117,206.1059792
159,0.603512593,0.679509477,0.518108523,1.983469153,0.446819535,197.9600417
160,0.619310402,0.710811139,0.51930999,2.03790546,0.483218501,203.5325625
161,0.621360232,0.764407681,0.459795717,1.985518773,0.461412466,205.0516597
162,0.587462238,0.697827922,0.545631467,1.983870847,0.501733406,194.2918681
163,0.293750179,0.399317008,0.451975782,1.970798367,0.455186953,97.37513194
164,0.504238457,0.740211886,0.466794989,2.317606603,0.419816143,167.5470833
165,0.602376066,0.709945615,0.550807094,1.982904001,0.504740301,200.6483125
166,0.594639147,0.753861645,0.470876448,2.066494124,0.516458198,198.5754444
167,0.693179325,0.757350236,0.499348912,1.985903233,0.484690948,232.0899722
168,0.447912734,0.749821654,0.554601569,2.685027752,0.42313278,150.3745694
169,0.558972474,0.819696951,0.457610655,2.239460644,0.334883305,188.1799861
170,0.653825497,0.801180938,0.503170831,2.092698834,0.524101724,220.7382222
171,0.636986098,0.71491697,0.521827337,1.985016692,0.498242994,215.6804167
172,0.706157368,0.746583284,0.502008286,1.985588199,0.470963447,239.8137431
173,0.629166095,0.733978479,0.551560317,1.985020036,0.440566392,214.3172222
174,0.68916819,0.75819273,0.48674057,1.985872296,0.517291856,235.4862292
175,0.548158436,0.683913574,0.509881089,2.319630587,0.525982143,187.8960972
176,0.502135861,0.685244903,0.427103622,2.088296871,0.557144743,172.6756181
177,0.569733831,0.723231956,0.542183034,2.092313134,0.532243691,196.5626181
178,0.620525562,0.651987106,0.490196185,2.067074619,0.488227178,214.7991042
179,0.622065485,0.696244217,0.492649485,1.984365402,0.386708519,216.0586458
180,0.659388775,0.818405174,0.498298723,2.186933554,0.527149693,229.8048542
181,0.318812899,0.375993441,0.436159245,2.194704293,0.424656052,111.4953056
182,0.654227726,0.760241055,0.501161001,1.986151853,0.356992372,229.6000347
183,0.585368967,0.880793632,0.492312684,2.670769199,0.387662358,206.1621111
184,0.637363311,0.75665188,0.462711316,1.986728746,0.459158392,225.2773264
185,0.625737151,0.756482023,0.489778887,1.986432409,0.410156119,221.9683889
186,0.448954316,0.702375536,0.455093949,2.615866914,0.522126582,159.8382569
187,0.591347179,0.729107559,0.513909431,2.066711463,0.529302415,211.3074722
188,0.594789903,0.890871035,0.455961477,2.427221523,0.298692479,213.3251458
189,0.648844303,0.749911273,0.530526024,1.986293347,0.489369822,233.57825
190,0.625949989,0.72268257,0.454654634,2.107650198,0.339030548,226.1814653
191,0.406268595,0.76452527,0.432691647,2.873983495,0.330652031,147.3538125
192,0.634263303,0.702019863,0.506872417,2.114771187,0.52101393,230.9180694
193,0.504095799,0.723043329,0.494111251,2.132331722,0.48751182,184.2237083
194,0.59635971,0.73674772,0.483227459,2.338843708,0.433605835,218.7719306
195,0.628841853,0.677615957,0.523461358,2.045245027,0.482795707,231.5676875
196,0.640273697,0.736050517,0.5496419,1.99871097,0.57047689,236.679125
197,0.568122188,0.713588256,0.394340472,1.98587951,0.412348607,210.8126458
198,0.693909596,0.75596431,0.501076505,1.987128624,0.484419561,258.47525
199,0.685470714,0.745006211,0.491122211,1.986760126,0.504160324,256.3095069
200,0.617657408,0.863031355,0.549168619,2.348043017,0.603402601,231.8377569
201,0.581609824,0.805321303,0.536114618,2.181507245,0.484216879,219.1419861
202,0.575616617,0.665129671,0.459430054,1.993508866,0.35163386,217.7127292
203,0.652734033,0.72285427,0.505064816,1.986340913,0.455841281,247.8207917
204,0.687373056,0.7328043,0.491650832,1.986922654,0.458410447,261.9651319
205,0.553939643,0.72744426,0.403479817,1.986733376,0.487205471,211.9117083
206,0.531318778,0.766442441,0.38783001,2.237456769,0.335746311,204.0265833
207,0.699489423,0.754888622,0.502301237,1.986512596,0.495757554,273.6466597
208,0.64446005,0.740698912,0.495955605,2.035054365,0.377496913,253.0430764
209,0.651626464,0.708987712,0.516476604,1.986504797,0.486976941,256.7872986
210,0.580107978,0.779407585,0.516192181,2.312764443,0.528505409,229.4308611
211,0.595100422,0.701002497,0.536178815,2.048394446,0.522371281,236.2050278
212,0.641697788,0.640614716,0.487121663,1.984819363,0.448934423,255.6058194
213,0.610009244,0.67832819,0.543277911,1.986202006,0.477021118,243.8415139
214,0.671598129,0.735825928,0.512628365,1.987009017,0.466739678,269.4001528
215,0.40438495,0.619530613,0.518703756,2.830230974,0.365912753,162.7736806
216,0.698244444,0.770114431,0.49275983,2.124518422,0.481279871,282.0236597
217,0.690474885,0.762375354,0.475396616,1.98792215,0.486981172,281.7065347
218,0.545640567,0.670211148,0.549484836,2.189805494,0.512981937,223.3473194
219,0.656612475,0.69215612,0.480350047,1.986119201,0.490867118,269.6428264
220,0.682962427,0.742267484,0.505106175,1.987214316,0.517707238,281.3634375
221,0.655107036,0.742615132,0.459167919,1.987665066,0.392653607,270.7422292
222,0.532861539,0.670378057,0.481126605,1.986258585,0.475937105,220.9085903
223,0.639689138,0.755342199,0.477652452,1.988260098,0.436302796,266.0119722
224,0.527078867,0.654897465,0.565768018,2.27051287,0.44882338,219.8492361
225,0.67519724,0.736327333,0.521090183,1.988011115,0.46149284,282.4736042
226,0.601636323,0.724648701,0.52849978,2.214390047,0.448899285,252.4395694
227,0.694266936,0.745801542,0.498155781,1.98742758,0.462886592,292.15175
228,0.555308105,0.713504012,0.582241763,2.166354649,0.525270492,234.3442222
229,0.485054464,0.657753728,0.594058702,2.082355376,0.510259916,205.2705625
230,0.654953933,0.718263143,0.501773715,1.987979622,0.55981891,277.936
231,0.606302505,0.696941431,0.533402445,2.170040158,0.436959627,257.9884306
232,0.665213487,0.733101299,0.498685269,1.988400356,0.489333384,283.8086111
233,0.715632687,0.770562246,0.482816958,1.988899685,0.3865182,306.1187847
234,0.689129608,0.766800795,0.502204284,1.98929618,0.429846421,295.5388056
235,0.674885142,0.7350362,0.496541315,1.988569156,0.420315735,290.1572778
236,0.665556633,0.712772914,0.507136872,1.988296871,0.47392306,286.8534306
237,0.631311384,0.669571957,0.503892183,2.076372322,0.470498927,272.7520069
238,0.655190957,0.681621497,0.508840872,1.98711339,0.473971902,283.7381944
239,0.582594874,0.633010398,0.547068282,1.986757953,0.439981738,252.8848958
240,0.683316599,0.756497701,0.48401112,1.988884139,0.468551556,297.2777917
241,0.699434983,0.759667362,0.505444637,1.989351415,0.515640496,304.9636806
242,0.684558035,0.764943497,0.484551055,1.989013581,0.460652388,299.1243819
243,0.717918495,0.774537561,0.489163161,1.989339713,0.469848999,315.0140833
244,0.683990984,0.769733488,0.49827487,1.989335629,0.423912126,300.7321597
245,0.529325537,0.831095837,0.600517105,2.35995009,0.60568268,233.1863681
246,0.609550211,0.850855336,0.522296668,2.488988839,0.54275575,269.5427986
247,0.552923391,0.761434491,0.515486235,2.486373532,0.515870462,244.9464722
248,0.680181526,0.761410688,0.506713551,1.989655641,0.453540607,301.8537292
249,0.474976046,0.643678982,0.620379937,2.16104189,0.469411912,211.1486319
250,0.653937784,0.721611928,0.501075938,1.988833465,0.417669343,291.1897569
251,0.649526181,0.756723452,0.504378477,1.988814617,0.577916982,289.6920139
252,0.51871134,0.729785943,0.642722739,2.092737428,0.651997175,231.7108194
253,0.626451158,0.713541557,0.481923332,1.988555525,0.509886606,280.2630556
254,0.639185652,0.882104224,0.542779428,2.469335682,0.584180397,286.3812431
255,0.540343966,0.766640078,0.467421857,2.441146254,0.631061442,242.4401528
256,0.45765431,0.67812051,0.528957496,2.525457443,0.522904696,205.6232083
257,0.525798176,0.706603418,0.355878555,2.07519019,0.474965103,236.8573889
258,0.514525194,0.71873371,0.578089457,2.244578028,0.530906589,232.0673125
259,0.567443567,0.71543622,0.506290291,1.988974736,0.42938818,256.2403333
260,0.563371954,0.704926973,0.524109524,2.295297038,0.455317063,254.6966319
261,0.552196577,0.742135239,0.564620524,2.034543601,0.675123094,250.1866806
262,0.427429895,0.509069199,0.543363018,2.286637131,0.549593646,193.8569444
263,0.549452121,0.887073628,0.584219917,2.477808857,0.589075415,249.4451528
264,0.546001319,0.761886767,0.441655768,1.989541989,0.49690661,248.1120972
265,0.709204896,0.768317836,0.475464508,1.989878304,0.40428223,322.5671458
266,0.682707634,0.784807887,0.538639374,1.990024799,0.556335376,310.7855486
267,0.741691804,0.783517828,0.501955992,1.990318661,0.427340478,337.9164236
268,0.531958412,0.672840426,0.554203386,2.006074222,0.293105047,242.5530764
269,0.514364094,0.679044668,0.629144953,2.114677299,0.586877369,234.7102083
270,0.653733764,0.736476918,0.499450173,1.988572875,0.388392922,298.5218819
271,0.526887817,0.630089614,0.408159288,1.98743431,0.548410529,240.7643056
272,0.546230868,0.75879069,0.390980124,2.014232434,0.435133892,249.7678472
273,0.361905032,0.70508797,0.5517584,2.549927763,0.609741707,165.5869167
274,0.386963509,0.552872346,0.662259818,2.109486372,0.374977241,177.1579583
275,0.343688757,0.437624273,0.494600265,2.13083423,0.477251682,157.4357083
276,0.522408259,0.780793283,0.510994567,2.2930537,0.478016336,239.4310764
277,0.59633832,0.694249131,0.472386475,2.157761587,0.480563292,273.4548403
278,0.574486606,0.643453215,0.520571551,1.987973679,0.478093785,263.5616319
279,0.375167451,0.45558327,0.465586684,1.98284996,0.53770826,172.2721181
280,0.156766024,0.243220097,0.509264887,2.388509824,0.464261099,72.01435417
281,0.474973569,0.73947628,0.583350303,2.517869778,0.536892388,218.3559931
282,0.410123388,0.507936736,0.517009646,2.109776606,0.47808842,188.6088681
283,0.697485125,0.790993186,0.506389441,1.990462613,0.499203074,320.8662847
284,0.628150507,0.874600777,0.437931898,2.28598309,0.388584191,289.0604028
285,0.631126336,0.755575462,0.513589273,2.173138274,0.481475887,290.5143264
286,0.678600413,0.740013587,0.515040205,1.989730762,0.485116083,312.4544236
287,0.666368586,0.732577451,0.50551347,1.989383636,0.468986865,306.901125
288,0.698804845,0.750067555,0.495677228,1.989960279,0.475506184,321.9207778
289,0.667540621,0.736252643,0.484421193,2.066147841,0.476776256,307.5900069
290,0.653386293,0.722560449,0.502446696,2.039906107,0.483778612,301.1360069
291,0.620954513,0.756445908,0.491294878,2.066185065,0.439301352,286.2486875
292,0.512400954,0.686540334,0.501911895,2.106614004,0.566030521,236.254875
293,0.470484977,0.682022076,0.404600242,2.277205061,0.658790626,216.9698889
294,0.502812995,0.606346527,0.564466158,1.99470434,0.417240524,231.9630625
295,0.662907011,0.690898246,0.48567632,2.018839998,0.494378734,305.8697639
296,0.691895028,0.779519411,0.478040654,1.990085257,0.467580818,319.2980556
297,0.574052134,0.768308985,0.459824111,2.130290371,0.480869573,264.9569722
298,0.557744664,0.755606532,0.496877984,2.179185492,0.471444228,257.4692153
299,0.552519042,0.689799221,0.574571102,1.989037786,0.462611869,255.0946736
300,0.628974161,0.766703915,0.494527179,1.989249729,0.44420223,290.4365
301,0.379250495,0.508534915,0.505965388,2.140681834,0.444308978,175.1475069
302,0.526788035,0.565123919,0.429958182,1.98616498,0.593123108,243.3190278
303,0.412639275,0.743064103,0.383584845,2.404512651,0.423083372,190.6462361
304,0.613580298,0.768040718,0.45923327,2.082946607,0.598178442,283.5224861
305,0.646403269,0.758703759,0.482849381,2.132139752,0.443949811,298.7280903
306,0.63807421,0.67707144,0.464603386,1.987426262,0.515869971,294.9179583
307,0.625125137,0.771447324,0.468625646,2.092352035,0.446864126,288.9696528
308,0.645928765,0.84094953,0.435066209,2.150564205,0.434124042,298.6254931
309,0.640642509,0.776143743,0.450182343,1.991650757,0.414696416,296.2186736
310,0.531807304,0.904311417,0.625930304,2.314099358,0.47803944,245.9275625
311,0.717932441,0.761075227,0.489296999,1.989081536,0.47659557,332.0398681
312,0.146345791,0.3669293,0.691277862,2.158217886,0.375758931,67.69277083
313,0.488509524,0.696881642,0.620675419,1.989209124,0.46720788,225.9893056
314,0.509738247,0.629897302,0.573461899,2.21252914,0.363623173,235.8384306
315,0.595719444,0.710919363,0.43217794,1.989215562,0.419614563,275.6527431
316,0.652635685,0.711692873,0.500262925,1.987529563,0.452206046,302.0246944
317,0.64150436,0.675365066,0.501279962,1.988522487,0.47248444,296.9082569
318,0.523549298,0.654177954,0.535403754,1.988219448,0.521275167,242.3413958
319,0.649070696,0.755027131,0.493018196,1.989995657,0.552083478,300.5083194
320,0.717882594,0.780551221,0.500549464,1.990394553,0.49434606,332.4009653
321,0.725872878,0.776257659,0.488525997,1.990333402,0.466627401,336.1333681
322,0.725864565,0.770034362,0.505361281,1.99022714,0.479292897,336.1603194
323,0.713052059,0.763103373,0.512495339,1.990145154,0.570555767,330.2534097
324,0.722818454,0.764612879,0.506829195,1.990174077,0.53835167,334.8038819
325,0.692878951,0.926221091,0.449004315,2.243361039,0.33422669,320.9578472
326,0.528608842,1.071521059,0.487332831,3.40651267,0.405308355,244.8776319
327,0.702147187,0.828553517,0.520995017,2.189175,0.477490284,325.2870069
328,0.723529583,0.774575477,0.50685294,1.989467043,0.474719178,335.2053681
329,0.731375602,0.805907037,0.504788354,2.011171364,0.57572183,338.8501806
330,0.723302807,0.774509363,0.493504554,1.990400774,0.481230506,335.1140833
331,0.576641876,0.817729061,0.485469175,2.260615225,0.418829931,267.1648056
332,0.645572659,0.740382569,0.481822402,1.989824855,0.389693969,299.0977431
333,0.666538439,0.797476353,0.523319776,2.160445762,0.46409515,308.8024931
334,0.621499484,0.768588098,0.458001449,1.989778193,0.362992246,287.9223819
335,0.711303139,0.758035097,0.489192287,1.990022342,0.407024246,329.5032986
336,0.712587236,0.750659726,0.502814207,1.989872852,0.482138768,330.0712361
337,0.730176628,0.77588635,0.494334016,1.99019888,0.466405002,338.1822847
338,0.722218743,0.759751768,0.497697147,1.989799298,0.449039881,334.4552778
339,0.537970506,0.813462331,0.535430317,2.282330666,0.585615608,249.0932083
340,0.699428219,0.761536347,0.510112754,1.989861825,0.517352812,323.7969861
341,0.667289861,0.814158149,0.476897644,2.17888755,0.443916372,308.8567917
342,0.644373302,0.851869519,0.51566168,2.232100738,0.506030217,298.1840139
343,0.647953884,0.774959758,0.496400006,2.037605903,0.570368129,299.7661181
344,0.598592243,0.706158032,0.517912114,2.058892928,0.513975155,276.852125
345,0.668601947,0.758866696,0.497306098,1.989794933,0.401135109,309.137
346,0.657030989,0.72208054,0.494985356,1.990525919,0.545137255,303.6834931
347,0.675179989,0.724288788,0.504637395,1.989345419,0.422849413,311.9567639
348,0.500973587,0.705066656,0.492559209,1.988626834,0.551830767,231.3733403
349,0.602559311,0.75265225,0.486729068,2.046918156,0.375330084,278.1690556
350,0.414812337,0.652946411,0.498289169,2.275679273,0.452276532,191.4051319
351,0.447150872,0.589952101,0.541257557,1.986228647,0.394965783,206.2223194
352,0.580659522,0.853304536,0.512829507,2.317551146,0.395517194,267.6490694
353,0.599387337,0.714883439,0.526962926,1.989224655,0.604292918,276.1179514
354,0.668838148,0.744044077,0.493508964,1.989165579,0.439867413,307.9198403
355,0.564648905,0.791365621,0.480995768,2.481441472,0.579245136,259.7804097
356,0.381690624,0.793462551,0.513226942,3.02813093,0.414754154,175.4814722
357,0.534578921,0.793290099,0.513407709,2.020956637,0.430565422,245.5865764
358,0.555906607,0.741804936,0.432265055,2.13310427,0.441348421,255.1824236
359,0.432996282,0.569358964,0.483164201,1.985422528,0.509941323,198.5950833
360,0.235902849,0.429566409,0.843118258,2.081420717,0.487078292,108.1022153
361,0.511067501,1.008955535,0.435323111,2.641176039,0.462293497,233.7491875
362,0.571221819,0.722157752,0.379477876,2.162213412,0.330175268,260.9951597
363,0.652309203,0.758146163,0.503816504,1.989356778,0.520063103,297.0404653
364,0.64819253,0.798450412,0.476647073,1.989929277,0.384489383,294.8060139
365,0.704218305,0.795845449,0.48004308,1.990157837,0.431316944,319.8798125
366,0.696423667,0.808260942,0.476849361,1.989183505,0.500816972,315.4831042
367,0.640464191,1.063911295,0.47424922,2.666559222,0.271997163,289.7174861
368,0.64652004,0.989546266,0.464830318,2.480394238,0.404598149,292.0235417
369,0.631480655,0.895402239,0.542640059,2.513748436,0.52861596,284.3377153
370,0.718144002,0.78408518,0.502759358,1.989245719,0.548189017,322.8244514
371,0.634749301,1.074938871,0.485196323,2.634448653,0.409802728,284.8513472
372,0.581983989,0.716105226,0.530747169,2.002232111,0.572375796,260.7123472
373,0.6702854,0.853647665,0.470286229,2.196993924,0.421361415,299.7250625
374,0.175252194,0.325099868,0.229358303,2.405360895,0.577525296,78.06853472
375,0.397248635,0.746045369,0.393781569,2.965580285,0.384202538,176.6087153
376,0.471313909,0.63386531,0.61245943,1.987110849,0.411025442,209.1086806
377,0.308294097,0.671384833,0.528869517,3.316545394,0.497202618,136.4946528
378,0.310157646,0.498430138,0.376381514,2.220398891,0.429668315,137.0238472
379,0.44273776,0.661404725,0.430682773,2.089118448,0.33708413,195.1649792
380,0.591074312,1.018769615,0.539608169,2.612090066,0.529142438,259.9632083
381,0.610102363,0.76449697,0.468366735,1.989007302,0.374520378,267.7101181
382,0.669819898,0.76411934,0.543938602,1.989147012,0.555419042,293.2150278
383,0.590551596,0.715623235,0.496335397,2.143969579,0.351333132,257.8856806
384,0.521611851,0.769224825,0.504720094,2.015654464,0.409930124,227.2148958
385,0.67682087,0.753075232,0.515474872,1.988962366,0.448821138,294.0739583
386,0.668552055,0.778860996,0.479935678,1.989275216,0.479391457,289.7274097
387,0.721001285,0.794633163,0.490710317,1.989581238,0.50952567,311.6282014
388,0.682677118,0.749562432,0.490063507,1.988936127,0.378752712,294.2649792
389,0.698481583,0.821011231,0.50277756,2.113377391,0.503077039,300.2460833
390,0.607681647,0.757513049,0.600421737,2.015829038,0.52404752,260.4803125
391,0.236986007,0.387466329,0.652252371,2.710993101,0.492267758,101.2918681
392,0.331509705,0.633317423,0.662610568,2.570939297,0.656783058,140.8607153
393,0.59276073,0.754054556,0.470912593,2.131634377,0.397375352,251.1083333
394,0.434912994,0.680676036,0.415039812,2.319623734,0.393496888,183.6746319
395,0.461757943,0.561123645,0.619901508,1.98433729,0.374327733,194.4035417
396,0.421986956,0.586275309,0.629651532,2.031636667,0.456299734,177.0976042
397,0.60505299,0.729457829,0.484736723,2.037373361,0.436242826,253.1097778
398,0.564210436,0.738023681,0.649116077,1.988305281,0.488541746,235.2540417
399,0.671342442,0.79475122,0.538961226,2.044074215,0.574197766,278.99925
400,0.523063834,0.78792185,0.60197059,1.988537505,0.702095752,216.6482847
401,0.654131445,0.767456519,0.512774751,2.013348248,0.546949618,270.0147847
402,0.39405275,0.492019597,0.494027928,2.116547432,0.400050604,162.1000069
403,0.480165271,0.644641422,0.502343636,2.289015047,0.556145466,196.8362361
404,0.048714593,0.112194957,0.219579666,2.464786345,0.369208897,19.89954167
405,0.479358307,0.697833132,0.559054479,2.065725247,0.394610877,195.1173264
406,0.06637806,0.133807925,0.322980584,2.403954011,0.488467071,26.72509722
407,0.257825141,0.491968065,0.362804338,2.13319071,0.465990025,102.6475
408,0.73391486,0.780537947,0.505638938,1.987195078,0.507190527,289.9722292
409,0.426491371,0.846760858,0.55222806,2.752555998,0.365339689,167.8608889
410,0.692531499,0.787766428,0.481490404,1.988004365,0.447547894,271.5162569
411,0.554297457,0.637033013,0.57514425,2.006620331,0.467110728,214.7813958
412,0.673436956,0.784888671,0.516296817,1.987615353,0.469328265,259.9178333
413,0.709298363,0.760444971,0.500003489,1.986450646,0.522366084,272.6746389
414,0.293910503,0.809340464,0.789586413,2.260033525,0.535411379,112.5392708
415,0.644876302,0.726152038,0.517090384,1.986334557,0.505924822,245.9415833
416,0.410363552,0.568759522,0.513102489,1.981913649,0.419855979,155.8795278
417,0.441951548,0.646003193,0.633182556,1.984731107,0.404904731,167.2064514
418,0.457235313,0.808842472,0.32262573,1.987469492,0.47519957,172.2972986
419,0.616787691,0.729012313,0.533881234,1.986250567,0.47132131,231.4896875
420,0.624129196,0.760601952,0.547719887,2.00169452,0.559425324,232.3740764
421,0.658028482,0.765875694,0.475414401,1.986753423,0.420456241,244.0170556
422,0.668296618,0.765525012,0.467243221,1.986148047,0.408511296,246.83525
423,0.693527019,0.768006868,0.51719763,1.98671623,0.417967555,255.1340694
424,0.69461897,0.733954298,0.500110187,1.985626816,0.470935026,253.5157569
425,0.574724318,0.751084404,0.526099141,2.657673966,0.488773244,208.1144236
426,0.663135241,0.860822182,0.491413944,2.252432849,0.459656792,237.3514931
427,0.441096539,0.809592989,0.407522858,2.47457205,0.513684838,156.6822986
428,0.681735028,0.720069557,0.506867067,2.061137924,0.486321441,241.2531389
429,0.623198554,0.727561669,0.491219256,1.984352184,0.384463236,219.7188681
430,0.438102306,0.678961835,0.614105546,2.496883528,0.537268081,153.3374444
431,0.393701844,0.618275821,0.548233808,2.232107337,0.390241557,137.3045694
432,0.600598159,0.70815929,0.519125416,2.002559112,0.500281333,207.99475
433,0.549641766,0.697172321,0.548536142,1.983949616,0.390095986,187.8228056
434,0.40433939,0.526627822,0.412568177,1.977517614,0.558016764,137.7306875
435,0.591997051,0.748316626,0.462643948,1.983091763,0.40678183,201.0257361
436,0.582010306,0.648793134,0.468005846,1.981946239,0.455902513,196.448
437,0.668319746,0.761722338,0.487040066,1.984593003,0.403723387,224.9277361
438,0.530711092,0.846481469,0.530005907,2.318482497,0.457817826,177.623125
439,0.610097889,0.712290711,0.472970861,1.984307771,0.402423794,203.6510972
440,0.520590254,0.669804527,0.541948573,1.980519374,0.43363241,173.3267292
441,0.676214893,0.740579437,0.517994339,1.984800849,0.469685471,224.5814306
442,0.666310749,0.730783988,0.484034947,1.984740032,0.492492082,220.7612639
443,0.310236559,0.575575967,0.516057953,1.980174196,0.575672118,102.5504306
444,0.438832328,0.643501216,0.475171234,1.982281599,0.448610185,144.73775
445,0.602712145,0.684479526,0.525812991,1.983191032,0.362647009,198.3678958
446,0.715542853,0.755484468,0.4967342,1.98453244,0.469358589,235.0283472
447,0.692793168,0.758566311,0.502924095,1.983962863,0.433890504,227.1191667
448,0.508224344,0.63170222,0.500058564,1.981692895,0.57866067,166.3078403
449,0.692576055,0.761360022,0.519196212,1.984857115,0.56615517,225.8807917
450,0.375248686,0.681904124,0.517577769,2.272710171,0.562290256,122.0305208
451,0.646230856,0.708723229,0.480613203,1.983839113,0.459407225,209.8827847
452,0.682402017,0.755533382,0.51760897,1.983461228,0.467354016,221.3687917
453,0.654352953,0.750765441,0.473506394,1.984643058,0.521026582,212.0423819
454,0.693862946,0.752498429,0.503281431,1.98259302,0.445999843,224.6288889
455,0.582397189,0.75353782,0.481787571,2.010977331,0.506428237,188.2452222
456,0.143499254,0.260539063,0.783957138,2.230511232,0.388378748,46.35403472
457,0.482746311,0.988096473,0.310836892,2.945405799,0.436897943,155.8601458
458,0.410464839,0.537486868,0.422831367,2.462934123,0.559288303,132.4713819
459,0.681891145,0.7696127,0.532957911,2.046184025,0.523337688,220.0089306
460,0.663369257,0.762726432,0.546194268,1.9839532,0.593855438,213.9990139
461,0.623563384,0.868029494,0.510418738,2.431284173,0.497542638,201.1976597
462,0.619090628,0.688588839,0.550785538,1.982600103,0.5382297,199.8134167
463,0.621963306,0.701939816,0.496424453,2.075908169,0.503208328,200.8239722
464,0.31653011,0.59238679,0.488152342,2.351346444,0.436152152,102.2565
465,0.643555359,0.739033138,0.477354373,2.005595278,0.480990118,208.0359306
466,0.347133903,0.721557982,0.606215583,2.969169008,0.494167522,112.3958194
467,0.43205273,0.891454373,0.637492837,2.599460104,0.627164549,140.3441042
468,0.596925771,0.735921876,0.531627843,1.983482586,0.537829567,194.1520694
469,0.623147508,0.679362275,0.495897538,2.008826549,0.512113568,202.9633264
470,0.708238324,0.776516947,0.511601124,1.984727338,0.439576493,231.7914861
471,0.668426522,0.761016824,0.474910062,1.985167799,0.472845977,219.1565833
472,0.593743479,0.706923952,0.478939983,1.983392945,0.390713261,195.0401389
473,0.440012109,0.522343585,0.583081118,2.187157922,0.514143391,144.8297986
474,0.656861471,0.746800456,0.529559618,1.984731908,0.482780688,216.65725
475,0.642025816,0.741326608,0.536986886,1.985068703,0.440476677,212.2251806
476,0.683780884,0.737263778,0.514226592,1.984633845,0.43611424,226.5397778
477,0.677304704,0.75070225,0.496869987,1.985196318,0.499733514,224.9236667
478,0.531646252,0.664746425,0.587065357,2.166637703,0.482269919,176.9828264
479,0.566299133,0.736571733,0.521648688,2.09145009,0.455432842,188.9936806
480,0.612826127,0.724003249,0.537834017,2.141110416,0.49854479,205.0539306
481,0.593656499,0.773909716,0.484380836,2.045237267,0.458237503,199.1726111
482,0.535744915,0.756237675,0.586108155,1.985700032,0.51126383,180.2378403
483,0.662570935,0.860852936,0.486770707,2.243640473,0.432197753,223.5346042
484,0.53344769,0.671790658,0.453207721,1.984129287,0.342644484,180.4923681
485,0.646244629,0.793302744,0.461152383,2.182385274,0.461493823,219.3059583
486,0.714513009,0.736105758,0.507716557,1.985427489,0.469710393,243.9595556
487,0.647193286,0.769441547,0.565299654,2.02288979,0.455627629,221.6701806
488,0.404853723,0.56936073,0.374330723,2.258439363,0.452637536,139.5654583
489,0.452912858,0.90283766,0.504044638,2.640682371,0.474456947,156.6511667
490,0.59737307,0.713328444,0.459033325,2.230689825,0.44223295,208.0183333
491,0.642444153,0.738826116,0.541040821,1.985080964,0.523145116,224.4855903
492,0.468989171,0.835139673,0.549772554,2.716180434,0.51643803,164.4512014
493,0.614778129,0.7568261,0.463341045,1.986008174,0.324549087,216.3345139
494,0.659168082,0.757164356,0.528409753,1.986531383,0.475346645,234.4739583
495,0.63982683,0.694212856,0.498423662,1.987672896,0.476035888,228.4280903
496,0.553561809,0.689198294,0.452821979,1.985188034,0.504691895,198.3622153
497,0.545090985,0.699202022,0.563466484,1.985477895,0.417723017,196.0527361
498,0.52714505,0.653610985,0.476427298,2.022124036,0.383506179,190.3078194
499,0.232070765,0.447399596,0.580239386,2.820917888,0.538447837,84.09601389
500,0.1828797,0.267300995,0.503706335,2.682181874,0.28679928,66.52086111
